Long	Lat	Stn_Name	Clim_ID	Prov_or_Ter	Tm	DwTm	D	Tx	DwTx	Tn	DwTn	S	DwS	S%N	P	DwP	P%N	S_G	Pd	BS	DwBS	BS%	HDD	CDD	YYYY_MM	date_year	date_year_lag	date_month	date_year_beeyear	date_year_beeyear_lag	seasons	mean_Tm_spring	mean_Tm_summer	mean_Tm_fall	mean_Tm_winter	mean_P_spring	mean_P_summer	mean_P_fall	mean_P_winter	mean_S_spring	mean_S_summer	mean_S_fall	mean_S_winter	mean_Tm	mean_DwTm	mean_D	mean_Tx	mean_DwTx	mean_Tn	mean_DwTn	mean_S	mean_DwS	mean_S%N	mean_P	mean_P%N	mean_S_G	mean_Pd	mean_BS	mean_DwBS	mean_BS%	mean_HDD	mean_CDD
-112.967	54.283	ABEE AGDM	3010010	AB	-11.3	0	NA	8.8	0	-38.1	0	NA	NA	NA	7.5	7	NA	NA	3	NA	NA	NA	906.9	0	2014_01	2014	2015	01	2013	2014	Winter	NA	NA	NA	-11.718565400843882	NA	NA	NA	10.780219780219781	NA	NA	NA	14.317441860465117	-11.734733300099702	1.9231947016094573	-2.0133333333333336	6.378412975359636	1.7565873807149979	-33.18252741774676	1.6089766415040594	14.317441860465117	2.7674418604651163	89.29411764705883	10.776265553752221	84.73055555555555	23.422738499536894	3.238783909111987	NA	NA	NA	815.8259364762855	0
-112.967	54.283	ABEE AGDM	3010010	AB	-9.8	0	NA	8.5	0	-41.6	0	NA	NA	NA	2.4	7	NA	NA	1	NA	NA	NA	860.9	0	2014_03	2014	2015	03	2014	2015	Spring	1.4901269393511989	16.162374821173106	3.393323657474601	-8.408382352941176	27.66773722627737	57.33578792341679	28.161185185185186	14.211836115326252	14.163076923076924	0.0024	16.373387096774195	17.774561403508773	3.161770522395156	1.4548488851091337	0.2818717685779155	19.889953991596986	1.2960142566002821	-14.713815222293988	1.1247518691699452	12.133649256890536	3.1143670295329398	100.68344988344988	31.85390288447474	118.38331418824839	6.693676232069095	5.6518334044706915	NA	NA	NA	432.5959422682336	5.513625489021742
-112.967	54.283	ABEE AGDM	3010010	AB	-2	0	NA	14.7	0	-31.4	0	NA	NA	NA	14	4	NA	NA	4	NA	NA	NA	620.9	0	2015_03	2015	2016	03	2015	2016	Spring	5.118355359765052	16.499414348462665	4.6678885630498534	-6.904754829123329	17.811854103343464	45.8404833836858	27.84931297709924	10.414506172839506	9.616379310344827	0.03389830508474576	6.171186440677966	12.13873873873874	4.843125284443549	2.0877504432618337	1.875597590814982	21.549721719619768	1.7432627852093787	-11.244623450909119	1.4072667153695195	7.030775421170158	3.076143881735987	61.167514303877944	25.463417635359864	91.76835586798822	3.8691105361780838	4.6654837147391985	0	29	NA	373.14078782621704	6.2729590128036685
-112.967	54.283	ABEE AGDM	3010010	AB	-2.8	6	NA	9.9	3	-17.8	4	NA	NA	NA	24.5	6	NA	NA	11	NA	NA	NA	518.8	0	2016_03	2016	2017	03	2016	2017	Spring	6.193907875185736	16.110365853658536	4.650465838509317	-10.262166405023548	34.62963525835866	66.77067901234568	24.163949843260188	12.180127186009539	6.784259259259259	0	7.855056179775281	15.537931034482758	4.181109501859702	3.465143612505773	1.3177584854758768	20.12027460208568	2.8690637656571267	-10.933649742356037	2.050072602241559	7.516517269954642	4.778282834121882	69.22052341597796	34.40653735251678	118.68075766825767	3.5447679924242426	5.631167152557482	NA	NA	NA	373.3460189040744	2.6435040499347315
-112.967	54.283	ABEE AGDM	3010010	AB	-9.6	8	NA	10.2	2	-31.3	7	NA	NA	NA	5.7	8	NA	NA	2	NA	NA	NA	634.2	0	2017_03	2017	2018	03	2017	2018	Spring	3.648031496062992	16.48596214511041	2.9137658227848102	-11.509134615384616	33.40616113744076	45.87400318979267	24.896178343949046	13.388379705400983	16.20602409638554	0	13.686904761904762	16.784415584415584	2.8781327755523245	2.8962903559878437	-0.23313596491228072	19.51797236064739	2.456121375089179	-13.71153331748423	1.8249073356155288	11.705503040807638	3.0826595605331235	95.03316380589108	29.35994977763887	115.17381461131461	6.288225097083196	5.259975023435411	NA	NA	NA	416.04424033500516	5.552838758234225
-112.967	54.283	ABEE AGDM	3010010	AB	-8.8	4	NA	4.4	3	-27.8	1	NA	NA	NA	16.1	4	NA	NA	4	NA	NA	NA	722.6	0	2018_03	2018	2019	03	2018	2019	Spring	3.354833836858006	16.178220451527224	2.1037037037037036	-12.165876152832675	19.886111111111113	49.880080753701215	25.4039780521262	14.519505494505495	14.113333333333333	0	14.770588235294117	21.084848484848486	2.183019315353328	1.7956437147332909	-0.8031250000000001	19.51207175789623	1.7282267781195555	-13.77383394595136	1.5504208076985042	12.518800505050505	2.5491656954156956	103.933608815427	27.405989761111833	109.40854562104562	7.538427078461999	5.438661391470433	NA	NA	NA	458.86500183033064	6.3471198574775904
-112.967	54.283	ABEE AGDM	3010010	AB	-7	4	NA	11.7	4	-31.9	4	NA	NA	NA	4.2	4	NA	NA	1	NA	NA	NA	676	0	2019_03	2019	2020	03	2019	2020	Spring	3.1653034300791556	15.09802110817942	2.7179183135704874	-9.368518518518519	14.858710562414267	65.30422343324251	28.067768595041322	12.431894150417827	7.016666666666667	0.1373134328358209	16.233333333333334	18.15735294117647	2.902230804806372	0.9574298275038791	-0.20248511904761904	19.262336330796188	0.9218420981152663	-14.741943495824216	0.9283028261341302	10.391106719367588	2.1373517786561265	88.99414600550963	30.137803639007185	99.2238109113109	7.21224195995395	5.607641966314352	NA	NA	NA	448.37510900466145	2.859938803145325
-112.967	54.283	ABEE AGDM	3010010	AB	-9.8	0	NA	4.8	0	-31.2	0	NA	NA	NA	11.2	15	NA	NA	3	NA	NA	NA	860.9	0	2020_03	2020	2021	03	2020	2021	Spring	1.3949668874172185	15.881382978723405	3.226086956521739	-9.5876	30.549861495844876	69.74719562243502	19.559072305593453	8.841886269070734	11.865671641791044	0.006153846153846154	14.36923076923077	12.303333333333333	2.7181980178597764	0.871973902662293	-0.2520764652014652	20.320749039012526	0.8340671895888271	-14.243724215930293	0.8311958615326258	9.640142574816487	2.2694318966058096	62.28882001836547	32.086323690870586	94.72307553557553	7.300826318053326	5.130864831873758	NA	NA	NA	454.98022460169943	4.902755904586886
-112.967	54.283	ABEE AGDM	3010010	AB	-2.8	0	NA	11.4	0	-25.6	0	NA	NA	NA	7.4	3	NA	NA	2	NA	NA	NA	645.4	0	2021_03	2021	2022	03	2021	2022	Spring	4.2784391534391535	17.688699080157686	5.363517060367454	-11.535113484646194	22.99574175824176	39.503434065934066	16.87751724137931	15.928591352859135	7.722950819672131	0	6.744262295081967	22.139344262295083	3.9424283211809814	0.6018020961544375	1.0779761904761904	21.706498896797434	0.5717524002426377	-13.6166007168001	0.5604873700589584	9.191845238095238	1.6523809523809525	61.7060606060606	23.8050143656917	94.57518453768454	7.207994870619387	4.445359563332597	NA	NA	NA	430.03228964821756	12.496072049340244
-112.967	54.283	ABEE AGDM	3010010	AB	-6.2	1	NA	8.7	1	-30	1	NA	NA	NA	17.2	5	NA	NA	6	NA	NA	NA	725.5	0	2022_03	2022	2023	03	2022	2023	Spring	2.894421768707483	17.04603825136612	4.412158469945355	-10.874897680763983	20.556859971711457	58.06543385490754	15.319061166429588	11.591025641025642	10.10344827586207	0	12.419298245614035	16.16551724137931	3.362041930723975	2.4224924268242414	0.4108440170940171	19.471103790681184	2.396887951559253	-13.645128044040312	2.3857349911307373	9.646951754385965	2.155701754385965	69.15227272727273	26.377884346449573	90.89530723905723	6.889526767629448	4.379209146080766	NA	NA	NA	424.19482543232425	7.366629168060666
-112.967	54.283	ABEE AGDM	3010010	AB	-10.3	3	NA	5.5	3	-25.3	3	NA	NA	NA	3	23	NA	NA	0	NA	NA	NA	793.7	0	2023_03	2023	2024	03	2023	2024	Spring	3.4919398907103827	17.085945945945944	5.493657219973009	-2.3166666666666664	14.133239436619718	55.50137741046832	13.097661623108666	5.994583333333333	6.249180327868852	0	3.995	6.12	7.5926842126872645	3.9228160095425695	1.662912087912088	23.454905073142207	3.919608827396771	-7.420391829504463	3.937167280409384	3.611312030075188	2.727418546365915	24.517857142857142	25.40255849554889	67.9230303030303	3.096208800045069	3.6595148606390473	NA	NA	NA	283.84133080462476	7.917064835766555
-123.742	48.935	CHEMAINUS	1011500	BC	5	0	NA	14.5	0	-1	0	0	0	NA	137.4	0	NA	0	10	NA	NA	NA	402.2	0	2014_01	2014	2015	01	2013	2014	Winter	NA	NA	NA	-1.1090056285178236	NA	NA	NA	92.20275229357799	NA	NA	NA	25.599206349206348	-1.112860099687421	2.0825166849708543	-0.9492398202009519	9.356584241816687	1.8466925636634506	-13.503360930415928	1.8723634930021684	25.638519036954087	2.837541993281075	115.04880952380952	92.20419292717087	83.525	23.732105162156977	9.651556776556777	NA	NA	NA	519.1383170003661	0
-123.742	48.935	CHEMAINUS	1011500	BC	7.1	0	NA	14.5	0	-0.5	0	8.9	0	NA	195.7	0	NA	0	17	NA	NA	NA	337	0	2014_03	2014	2015	03	2014	2015	Spring	7.23405612244898	17.01576227390181	8.690451612903226	1.901656050955414	94.52178217821782	39.958633540372674	132.336926889715	126.54169741697417	8.925500910746813	0.03239700374531835	6.949906191369606	19.704036697247705	8.72062025796735	2.1240077464594385	1.1026775020861008	19.789337850887573	1.9524684517444075	-2.5834511973451506	1.925764849930626	8.829484598801029	2.8889140562404325	38.094504889867345	98.32105939150735	107.50025896134125	5.537619403256169	10.146110562918283	NA	NA	NA	268.35197898639376	8.665371981090942
-123.742	48.935	CHEMAINUS	1011500	BC	9	0	NA	19	0	0	0	0	0	NA	142.7	0	NA	0	14	NA	NA	NA	277.5	0	2015_03	2015	2016	03	2015	2016	Spring	8.922916666666667	17.647751322751322	7.882081686429513	1.2325520833333334	72.31997455470737	45.474421593830336	106.8415501905972	145.98197969543148	3.0840996168582375	0.007436399217221135	5.298446601941747	20.375834970530452	8.94065588496869	2.380460334479461	1.3724069586032406	20.120734919762448	2.1804540243226573	-1.806403824270706	2.1061181722033875	7.175874138396924	3.1313998581296603	22.30966571034366	92.4364079614215	99.97618508604114	4.985773641521245	9.78011940892116	NA	NA	NA	262.80621552208095	10.466595878216113
-123.742	48.935	CHEMAINUS	1011500	BC	8.7	0	NA	20	0	1.5	0	0	0	NA	271.3	0	NA	0	17	NA	NA	NA	289.1	0	2016_03	2016	2017	03	2016	2017	Spring	9.53559096945551	16.71263586956522	8.821768707482994	-2.4101902173913046	73.83454075032341	51.69139072847682	149.81870026525198	95.49305740987984	3.927858627858628	0.025053995680345574	4.419402985074627	33.292389006342496	8.179595461754916	2.784719325981743	0.5308371939140107	19.806435481048883	2.617966815457309	-2.1452328959976827	2.526630971197284	10.369126921906753	3.6648961215125415	60.66645575364805	92.59095333689343	107.18174141989068	6.111739300390495	10.379121006713719	NA	NA	NA	275.71450588073884	6.459270654871533
-123.742	48.935	CHEMAINUS	1011500	BC	6.7	0	NA	16	0	-0.5	0	19	0	NA	211.4	0	NA	0	25	NA	NA	NA	350.4	0	2017_03	2017	2018	03	2017	2018	Spring	7.223023578363384	16.872307692307693	8.280594900849858	-1.0824561403508772	109.20229419703104	32.97887517146776	123.67863128491621	126.28519061583577	12.23681917211329	0.13161434977578476	9.323702031602709	34.66825775656324	7.826821260403375	2.6425514381804978	0.08299296821720446	19.103315630751773	2.460869936097747	-2.946197910896969	2.347356403356451	14.025772318040666	3.2825360129685373	78.63527421927252	98.16652890270574	104.76781158159028	9.403510560381148	10.49899086337541	NA	NA	NA	288.34845952674254	9.606456183739319
-123.742	48.935	CHEMAINUS	1011500	BC	6.8	0	NA	15.5	0	0.5	0	0	0	NA	36.8	0	NA	0	10	NA	NA	NA	347.6	0	2018_03	2018	2019	03	2018	2019	Spring	7.804878048780488	16.837694704049845	7.991415662650603	-1.0327941176470588	63.31454545454545	33.344153846153844	118.79116279069767	119.7500772797527	7.471611253196931	0.024533333333333334	3.656639566395664	27.575401069518716	7.9365331338127465	2.7078704994019875	0.2619795470279439	19.5395800819057	2.5345228177694934	-2.198296057045326	2.5026742375378825	9.648134994677951	3.1515393422393054	55.90603198523795	83.78849624974134	91.14131177026421	8.096299926086735	8.892309654601972	NA	NA	NA	286.11350971558426	8.910480438640121
-123.742	48.935	CHEMAINUS	1011500	BC	7.4	0	NA	20	0	-2.5	0	4	0	NA	12	0	NA	0	3	NA	NA	NA	327.8	0	2019_03	2019	2020	03	2019	2020	Spring	8.062555720653789	16.426176470588235	7.841151079136691	0.3814285714285714	44.82300469483568	51.39363057324841	102.86603174603175	163.12315112540193	3.7008196721311477	0.0136986301369863	2.463563829787234	35.39179894179894	8.18172313453145	2.1540358036364347	0.5027291229816166	19.06736461355077	2.0073274596576365	-3.145670362972096	1.9880616238059283	10.404043842093746	3.3461279404411934	49.322237243965844	90.60815487038582	97.391473760360725	7.221213262764845	9.960569554880918	NA	NA	NA	283.71826668579314	5.631861851807969
-123.742	48.935	CHEMAINUS	1011500	BC	6.3	0	NA	14	0	-1.5	0	0.2	0	NA	36.3	0	NA	0	9	NA	NA	NA	363.3	0	2020_03	2020	2021	03	2020	2021	Spring	7.14780701754386	15.817352941176472	8.56023222060958	0.395036496350365	59.94051863857374	69.88495145631067	125.866875	139.61154446177846	4.472451790633609	0.031818181818181815	9.600547945205479	24.898630136986302	8.008426414725157	2.2872758463111196	0.3353071211904906	19.39680772567685	2.137068892237913	-2.761769795444838	2.1334646344649535	9.688599522076997	3.4988741723073136	57.79001667488401	98.6563830525132	105.74578687063553	8.347641313955945	10.381422643467225	NA	NA	NA	285.0247662721931	5.877846552212456
-123.742	48.935	CHEMAINUS	1011500	BC	7.2	0	NA	25.5	0	0.5	0	0	0	NA	45	0	NA	0	10	NA	NA	NA	334.9	0	2021_03	2021	2022	03	2021	2022	Spring	7.5766617429837515	17.773233082706767	8.29357249626308	-1.2184962406015039	63.1351822503962	35.716990291262135	179.773268921095	111.93014586709887	4.484330484330484	0.0017699115044247787	4.734985422740525	34.16902654867257	8.119018839323296	2.2935135540331815	0.32466409942188296	20.117444184275907	2.1091616996912292	-3.1640682682636987	2.1111209811503877	10.821453365717549	3.3728711613611773	67.39827306072503	97.59518990667624	97.7091542074501	9.539093395402059	9.863852495917824	NA	NA	NA	288.86328610422197	12.93259591508868
-123.742	48.935	CHEMAINUS	1011500	BC	7.7	0	NA	15	0	-1	0	0	0	NA	104.3	0	NA	0	18	NA	NA	NA	319.5	0	2022_03	2022	2023	03	2022	2023	Spring	6.604387291981846	17.337386018237083	8.715217391304348	-0.6063694267515923	90.63790849673202	49.01763727121464	69.57191201353638	120.884165232358	4.78	0	7.736741214057508	27.982258064516127	8.006028518271327	2.06426187875033	0.18575397519069842	19.226125429318778	1.910786322234616	-3.277975529914055	1.9160828065657274	10.14815774483273	3.257764008625874	78.62252723606728	82.58739488584919	87.4078350971262	8.401786397725859	9.459612333421699	NA	NA	NA	292.7471180362668	10.593641970392396
-123.742	48.935	CHEMAINUS	1011500	BC	6.2	0	NA	15.5	0	-1	0	0.2	0	NA	69.8	0	NA	0	10	NA	NA	NA	364.8	0	2023_03	2023	2024	03	2023	2024	Spring	8.062441314553991	17.429393468118196	8.838015267175573	3.0442396313364055	58.88175559380379	30.80186440677966	93.4897520661157	172.78805970149253	5.087138263665595	0.0652317880794702	2.6637820512820514	16.009803921568626	10.598474162329738	2.1488344293092054	1.2083071354837807	22.774438805600823	1.9835391241339309	0.2751651069753349	2.010083911037599	3.9477675674719843	3.399919665711079	36.82710344272844	72.17629830562903	76.58704764401163	3.1158048123906514	8.28719649917192	NA	NA	NA	222.40062306766362	12.163061948971073
-99.292	49.276	BALDUR	5010140	MB	-18	2	-3.3	5	1	-34	1	34.5	0	167	34.5	0	167	0	9	NA	NA	NA	1044.4	0	2014_01	2014	2015	01	2013	2014	Winter	NA	NA	NA	-20.36766917293233	NA	NA	NA	32.272666666666666	NA	NA	NA	44.77125	-20.367458163726823	1.0637720488466758	-3.8645833333333335	0.11572817729534146	0.9886928991406604	-36.62695612844867	0.9438037087290819	44.771249999999995	2.425	139.71969696969697	32.272666666666666	137.91909090909093	37.17223557692307	6.1866666666666665	NA	NA	NA	1090.5881388511984	0
-99.292	49.276	BALDUR	5010140	MB	-9.8	2	-4.2	5.5	1	-35	1	0.5	0	3	0.5	0	2	0	0	NA	NA	NA	805.1	0	2014_03	2014	2015	03	2014	2015	Spring	-2.1218905472636815	16.96010101010101	2.192537313432836	-16.22994923857868	39.3	85.36163793103448	28.210593220338982	13.230666666666666	17.65483870967742	0.02711864406779661	8.49918699186992	15.492105263157894	0.22528654888180777	1.4332453323673693	-0.992141964210042	16.441046334896203	1.316430428414625	-16.00727361069328	1.188368864576064	10.447188001473945	3.3497833912147135	75.7762000318522	41.48615864441031	100.50867593663646	8.662901212211123	6.217141568360756	NA	NA	NA	521.7516572057101	9.101833315937794
-99.292	49.276	BALDUR	5010140	MB	-2.1	2	3.4	16	1	-29	1	9	1	NA	13.6	1	NA	0	4	NA	NA	NA	583.6	0	2015_03	2015	2016	03	2015	2016	Spring	1.9692307692307691	17.582291666666666	5.588541666666667	-12.361658031088083	30.813777777777776	77.06801801801802	38.47767857142857	16.51517857142857	9.355454545454545	0.011320754716981131	5.2438095238095235	19.71388888888889	3.2029606735856735	1.1762620192307693	2.1340141612200436	19.4083069736976	1.0390580484330485	-13.318119785307285	0.8768321377696378	8.571892312480548	3.014723231634996	69.766336996337	40.750277906601625	101.22838586457975	6.23557425674912	6.136353938653866	NA	NA	NA	443.3584710775336	11.686199919871795
-99.292	49.276	BALDUR	5010140	MB	-0.3	0	5.3	17.5	0	-21.5	0	12	0	71	22.2	0	89	0	5	NA	NA	NA	565.8	0	2016_03	2016	2017	03	2016	2017	Spring	2.5287179487179485	17.17326203208556	6.165573770491803	-13.787362637362637	39.696069868995636	74.80516431924883	53.23785046728972	18.802830188679245	10.987387387387388	0	8.2	21.263917525773195	3.0323587387111974	2.9135613703236656	1.8377917235270178	18.792015075088845	2.716958519622454	-12.477408399887908	2.426625651215815	10.085396404927655	5.329895134582634	97.02261904761905	46.703900062176345	132.6465951532128	7.042022840543443	6.3583972674071205	NA	NA	NA	418.1831144356554	8.11003950284688
-99.292	49.276	BALDUR	5010140	MB	-6.1	4	-0.6	9.5	2	-28	2	5.6	2	NA	7.4	2	NA	0	2	NA	NA	NA	652	0	2017_03	2017	2018	03	2017	2018	Spring	0.914364640883978	17.19217877094972	2.7704918032786887	-17.21160220994475	26.155238095238094	48.51483253588517	40.296682464454975	10.714705882352941	10.172043010752688	0	12.503333333333334	13.39655172413793	0.9071754487258008	2.5350109573447823	-0.3019917582417583	16.679280523711785	2.276185502046068	-14.067927859291858	2.0952464269744384	9.022666863093031	4.137252232418737	66.69103535353536	31.411245282376214	89.60495337995339	7.120297393295352	5.302687649726362	NA	NA	NA	476.3058207078629	7.665484085085363
-99.292	49.276	BALDUR	5010140	MB	-5.7	2	-0.1	6	1	-19.5	1	25.6	1	NA	25.6	1	NA	0	5	NA	NA	NA	686.6	0	2018_03	2018	2019	03	2018	2019	Spring	0.6966480446927374	17.62967032967033	-0.5938775510204082	-18.14467005076142	19.317961165048544	60.591747572815535	38.484057971014494	16.91868686868687	8.81904761904762	0	12.773809523809524	21.974074074074075	-0.06103389832323395	2.5037713856626307	-1.0669823232323232	16.255648570790434	2.306231801937897	-15.982469566759795	2.2393168356344217	10.83203262786596	4.639105546433132	84.95292207792208	33.746352135715945	92.944234006734	8.873997007894067	5.338520111601953	NA	NA	NA	519.0131788925936	12.503097388163377
-99.292	49.276	BALDUR	5010140	MB	-8.2	0	-2.7	9	0	-28.5	0	2	0	12	2	0	8	0	1	NA	NA	NA	812.4	0	2019_03	2019	2020	03	2019	2020	Spring	0.07300000000000004	16.7020202020202	2.3354497354497354	-14.785789473684211	16.031658291457287	63.17549019607843	56.11641791044776	11.037373737373738	5.034146341463415	0	14.036842105263158	15.33974358974359	1.0648019807053268	1.9483315932671974	0.059911616161616166	16.793477891675977	1.8632844686591827	-14.331679143068957	1.8564437884314058	8.572742673992675	4.458533441866775	80.5111507936508	36.52844057086704	91.29273388648389	6.644031689979747	5.469328465651995	NA	NA	NA	489.88483259228906	8.108195233585858
-99.292	49.276	BALDUR	5010140	MB	-3.3	2	2.3	14	1	-21.5	1	2	1	NA	5	1	NA	0	2	NA	NA	NA	616.8	0	2020_03	2020	2021	03	2020	2021	Spring	-0.6684210526315789	17.768279569892474	1.4380208333333333	-14.617948717948718	24.22636815920398	78.90051546391753	19.232178217821783	12.45170731707317	14.174683544303797	0	8.203846153846154	14.90909090909091	1.050900563776935	1.998801497647181	0.26742424242424234	17.944134310537255	1.8899491043830183	-15.088694899104901	1.8908995181308936	9.200673314339982	3.954565527065527	71.53269841269841	33.74470199303447	77.85525863025863	8.703254904817404	5.203041302177833	NA	NA	NA	486.5439715527204	11.714908407690004
-99.292	49.276	BALDUR	5010140	MB	0.6	0	6.2	16.5	0	-28	0	2	0	12	2	0	8	0	1	NA	NA	NA	538.7	0	2021_03	2021	2022	03	2021	2022	Spring	1.5576530612244899	18.034020618556703	5.766666666666667	-19.624338624338623	21.831400966183576	56.815865384615385	32.17093596059113	22.730845771144278	9.162337662337663	0	8.766666666666667	32.984057971014494	1.4326018483830982	1.2738050433362933	0.9008333333333333	18.888450438450437	1.2363782918470418	-14.465036618474118	1.2377010431697932	12.734860646599778	3.556250929022668	86.78178571428572	33.41352463871121	100.7426541051541	9.6287853517926	5.078557318449768	NA	NA	NA	499.55816707019835	14.954746038105412
-99.292	49.276	BALDUR	5010140	MB	-6.7	2	-1.2	8.5	1	-26.5	1	9	1	NA	9	1	NA	0	5	NA	NA	NA	715.9	0	2022_03	2022	2023	03	2022	2023	Spring	-1.0829787234042554	17.23979057591623	3.8348958333333334	-16.184293193717277	63.10886699507389	72.487	30.356923076923078	13.49948717948718	17.708571428571428	0.002898550724637681	12.331746031746032	20.25	0.9632927840715139	1.48237953895716	0.17083333333333336	16.44833416005291	1.4524016203703705	-14.476076935590545	1.4142771804062126	12.689527103331452	4.067661474998432	96.60261904761904	44.737533163202116	119.7661525974026	10.803336791204439	5.813859177417236	NA	NA	NA	502.518247901199	10.148806856972179
-99.292	49.276	BALDUR	5010140	MB	-10.8	0	-5.3	4.5	0	-25	0	13	0	77	13	0	52	0	5	NA	NA	NA	893.4	0	2023_03	2023	2024	03	2023	2024	Spring	-0.22842639593908629	17.725	5.003553299492386	-6.992424242424242	20.353768844221104	50.8105	31.443414634146343	9.798507462686567	11.315625	0	8.789393939393939	8.676190476190476	6.045484322129483	1.6574238664561245	1.4884444444444445	20.299481690352657	1.5761703887510339	-9.003791874791874	1.6116239316239316	6.843181818181818	4.736147186147186	95.85863095238095	31.701251769384438	84.58464285714285	5.47468438252494	5.138585735497214	NA	NA	NA	362.3927953229566	14.54124798857057
-67.716	46.712	AROOSTOOK	8100300	NB	-11.1	0	1.5	8	0	-35	0	48.7	0	67	132.2	0	134	49	8	NA	NA	NA	901.5	0	2014_01	2014	2015	01	2013	2014	Winter	NA	NA	NA	-9.237037037037037	NA	NA	NA	102.52333333333334	NA	NA	NA	55.11071428571429	-9.237037037037037	0.7962962962962963	0.3333333333333333	7.75	0.7962962962962963	-27.275925925925925	0.7592592592592593	55.11071428571428	1.2142857142857144	100.91666666666667	102.52333333333334	118.04166666666666	38.72222222222222	10.133333333333333	NA	NA	NA	781.2074074074073	0
-67.716	46.712	AROOSTOOK	8100300	NB	-9.4	0	-5.4	5.5	0	-31.5	0	100.9	0	194	102.5	0	138	78	13	NA	NA	NA	850.2	0	2014_03	2014	2015	03	2014	2015	Spring	1.711111111111111	17.909756097560976	7.320731707317073	-9.912941176470587	94.98488372093023	129.91294117647058	104.1287356321839	126.14888888888889	33.43414634146342	0	20.182051282051283	80.46842105263158	4.247021382725405	1.4821598154931488	-0.3227777777777779	18.340255907353608	1.448751865418532	-9.935592127115116	1.3496396642948367	33.55608211233211	2.0009920634920633	122.38541666666667	113.86311704362872	119.93636363636364	20.257007575757576	10.122928032911348	NA	NA	NA	400.47119679756173	10.127414021164022
-67.716	46.712	AROOSTOOK	8100300	NB	-7.6	4	-3.6	8	4	-34	4	62.9	4	NA	62.9	4	NA	62	9	NA	NA	NA	692.1	0	2015_03	2015	2016	03	2015	2016	Spring	2.388505747126437	17.03448275862069	8.134831460674157	-4.384269662921349	69.81505376344086	91.91978021978022	114.55384615384615	103.50786516853933	27.882051282051282	0.21621621621621623	2.5171428571428573	53.4	5.808132183908046	1.1805555555555556	1.4575	19.550047892720308	1.1491379310344827	-9.219885057471265	0.9555555555555555	21.02791860916861	1.5512820512820513	60.07142857142857	94.78181343468052	96.28333333333333	11.048060735560735	9.871520825608702	NA	NA	NA	364.38026819923374	10.095689655172414
-64.833	47.802	BAS CARAQUET	8100467	NB	-5.4	0	NA	9.6	0	-19.6	0	NA	NA	NA	134	0	NA	45	18	NA	NA	NA	725.9	0	2016_03	2016	2017	03	2016	2017	Spring	3.340229885057471	17.39294117647059	8.697802197802197	-6.656043956043956	81.47931034482758	99.07209302325582	73.68241758241759	90.95681818181818	16.663333333333334	0	8.469696969696969	64.42903225806451	5.713793893077356	1.1409453576676416	1.0319444444444443	20.161105789697743	1.088244826212939	-8.556292966121479	0.8485673381947019	22.364545454545453	1.5191919191919192	69.6875	86.2984635044229	92.68181818181819	9.681361925111926	10.455497289757579	NA	NA	NA	361.5242254425356	9.954068752660707
-64.833	47.802	BAS CARAQUET	8100467	NB	-6	0	NA	6.1	0	-19.3	0	NA	NA	NA	119.3	1	NA	71	18	NA	NA	NA	742.8	0	2017_03	2017	2018	03	2017	2018	Spring	3.257303370786517	17.162921348314608	9.262921348314606	-7.296385542168674	102.61538461538461	57.14565217391304	94.32608695652173	115.77349397590362	19.0625	0	0.88125	61.00769230769231	5.553992124308216	1.4221902937420179	0.923611111111111	20.786917837377608	1.359269902085994	-8.628077905491699	1.1094827586206897	20.493011363636363	1.8787878787878787	78.25925925925925	92.44515167744682	115.97222222222223	10.688523391812865	10.007620950576086	NA	NA	NA	366.47291932737335	8.447078544061302
-67.716	46.712	AROOSTOOK	8100300	NB	-1.5	0	2.5	11	0	-16.5	0	76.2	0	146	93.8	0	126	70	8	NA	NA	NA	604.8	0	2018_03	2018	2019	03	2018	2019	Spring	3.6123456790123454	17.833333333333332	5.897619047619048	-8.622619047619047	85.86385542168675	89.14938271604939	123.18690476190476	108.1047619047619	31.4125	0	23.816666666666666	59.55	4.704314525938089	1.933696943754415	-0.5166666666666667	19.744722385958017	1.8661553431668374	-9.240094101300999	1.804316718828213	28.694791666666667	2.96875	174.55555555555554	101.68344090190355	116.625	15.324274839492231	9.98260658030773	NA	NA	NA	389.5172352976951	14.030389363722696
-67.716	46.712	AROOSTOOK	8100300	NB	-4.8	0	-0.7	15	0	-28	0	26.2	0	50	78.2	0	105	64	8	NA	NA	NA	706	0	2019_03	2019	2020	03	2019	2020	Spring	2.2535714285714286	17.245	6.587179487179487	-6.364473684210527	98.02560975609757	76.94615384615385	123.39354838709677	77.76666666666667	18.579166666666666	0	13.242857142857144	45.94761904761905	4.926699599782933	1.190148894315561	-1.0055555555555555	19.245421754171755	1.190148894315561	-8.84274654049654	1.190148894315561	19.442410714285714	2.255952380952381	104.5	93.90364163614163	108.75	10.949944305207463	9.866027028527029	NA	NA	NA	388.3068185117352	7.417010921177588
-67.716	46.712	AROOSTOOK	8100300	NB	-3.1	3	1	11	3	-24	3	38.8	3	NA	48.6	3	NA	54	8	NA	NA	NA	589.7	0	2020_03	2020	2021	03	2020	2021	Spring	3.156	18.194805194805195	8.080769230769231	-4.348648648648648	65.18412698412699	45.88857142857143	84.9474358974359	98.4695652173913	21.895238095238096	0	1.788888888888889	46.91111111111111	6.243071581196581	1.314294871794872	0.736111111111111	20.430847222222223	1.300940170940171	-7.750754273504274	1.314294871794872	17.648809523809522	3.1488095238095237	98.28571428571429	72.46020733131603	100.72727272727273	8.872687795878585	8.063044407283538	NA	NA	NA	356.68548076923076	15.462884615384615
-67.716	46.712	AROOSTOOK	8100300	NB	-3.2	0	0.9	19	0	-21.5	0	41.2	0	79	70.4	0	95	29	9	NA	NA	NA	656.3	0	2021_03	2021	2022	03	2021	2022	Spring	4.313888888888889	18.222368421052632	9.261842105263158	-7.243243243243243	86.21714285714286	67.90491803278688	115.02763157894736	92.20270270270271	9.85	0	3.727777777777778	61.88333333333333	6.088932692307692	1.339690170940171	1.0583333333333333	21.14418269230769	1.3295405982905983	-7.469180555555556	1.3362179487179486	18.865277777777777	1.9444444444444444	90.85714285714286	90.41114886039885	122.44444444444444	8.593975468975469	9.267617521367521	NA	NA	NA	358.03416987179486	12.318643162393162
-67.716	46.712	AROOSTOOK	8100300	NB	-2.9	0	1.1	10	0	-26.5	0	62.4	0	120	96.2	0	130	66	13	NA	NA	NA	648	0	2022_03	2022	2023	03	2022	2023	Spring	4.356944444444444	17.875	9.041333333333334	-5.032	95.77222222222223	104.29722222222222	103.52533333333334	111.61466666666666	15.988888888888889	0	5.5	46.31666666666667	6.560319444444445	1.2568055555555555	1.1375	20.440916666666666	1.2431944444444445	-7.662555555555556	1.2568055555555555	16.95138888888889	2.486111111111111	71	103.80236111111111	138.63636363636363	9.96437908496732	10.025138888888888	NA	NA	NA	341.17069444444445	10.582847222222222
-67.716	46.712	AROOSTOOK	8100300	NB	-0.9	2	3.2	9	2	-12.5	2	75.4	2	NA	77.4	2	NA	64	10	NA	NA	NA	547.7	0	2023_03	2023	2024	03	2023	2024	Spring	4.229333333333333	17.604	8.821333333333333	-1.1239999999999999	59.66133333333333	157.85066666666665	103.216	110.08	22.933333333333334	0	6.322222222222222	16.383333333333333	9.084	0.884	1.0150000000000001	22.6292	0.868	-3.5232	0.884	10.415	2.1166666666666667	80.8	107.2264	125.375	5.288930481283422	9.44	NA	NA	NA	279.2068	15.0512
-53.998	47.311	ARGENTIA (AUT)	8400104	NL	-1.6	0	NA	11.2	0	-15.7	0	NA	NA	NA	210.1	1	NA	0	14	NA	NA	NA	607.6	0	2014_01	2014	2015	01	2013	2014	Winter	NA	NA	NA	-8.652592592592592	NA	NA	NA	112.12307692307692	NA	NA	NA	80.63731343283582	-8.684947299077734	2.289525691699605	0.7344611528822056	4.447529644268775	2.274703557312253	-22.7286231884058	2.187417654808959	81.1588392857143	2.809375	113.86363636363637	111.57122807017544	126.54545454545456	52.86355311355311	12.021491228070175	NA	NA	NA	729.2614953886693	0
-53.998	47.311	ARGENTIA (AUT)	8400104	NL	-3.5	0	NA	12.1	0	-14.5	0	NA	NA	NA	93.2	0	NA	0	9	NA	NA	NA	666.4	0	2014_03	2014	2015	03	2014	2015	Spring	-1.5594059405940595	14.22258064516129	6.234659090909091	-8.253608247422681	64.80056818181818	91.7840490797546	102.16993464052288	109.06666666666666	26.172448979591838	0.16962025316455698	13.944927536231884	75.67241379310344	2.7650532266985968	1.9406475381985737	0.16077847805788983	15.849548931028536	1.8867626510519424	-9.052045208778706	1.7888960022555256	27.434590469916557	2.8163736550285465	70.15518168699987	91.8452625195827	96.24596445221445	16.819580171029447	10.955568463304736	NA	NA	NA	435.54009398932766	4.648667862396485
-53.998	47.311	ARGENTIA (AUT)	8400104	NL	-3	0	NA	6.6	0	-14.3	0	NA	NA	NA	73.4	0	NA	0	13	NA	NA	NA	651.1	0	2015_03	2015	2016	03	2015	2016	Spring	-1.7267676767676767	12.975634517766498	5.636649214659686	-6.142245989304813	70.48068181818182	84.11169590643274	91.30060240963856	72.38502994011976	31.656382978723403	0	5.730952380952381	46.1566265060241	2.733024943966101	2.1860046200705723	0.0045336328976034726	15.237468190689084	2.1088443362202933	-8.925611816633038	1.9393959535724916	20.573812515427626	2.618836264164134	54.435353535353535	79.67945263098929	87.99484913234913	13.720472604364327	10.100846528234126	NA	NA	NA	428.57301994453616	1.9053880519681932
-53.998	47.311	ARGENTIA (AUT)	8400104	NL	-1	0	NA	10.9	0	-8.5	0	NA	NA	NA	87.8	0	NA	0	14	NA	NA	NA	588	0	2016_03	2016	2017	03	2016	2017	Spring	0.018032786885245896	13.47709497206704	6.4816666666666665	-6.868235294117647	81.16341463414633	92.01104294478527	126.21212121212122	82.69677419354839	28.638749999999998	0.015584415584415584	3.930769230769231	67.71	3.305841614807954	2.8244026666859714	0.4604323331896861	15.85628004241498	2.6688947520902353	-8.083066568425673	2.5496248709652187	24.903047610199785	2.7032551553384887	80.27599206349207	95.32093652938273	104.47145562770562	11.291933471620972	11.269815633673582	NA	NA	NA	399.97800109323344	2.4868764524841405
-53.993	47.294	ARGENTIA (AUT)	8400104	NL	-0.8	0	NA	11.8	0	-11	0	NA	NA	NA	110.9	0	NA	0	13	NA	NA	NA	581.9	0	2017_03	2017	2018	03	2017	2018	Spring	-0.6286666666666667	13.306	6.61875	-6.25530303030303	89.98496240601504	81.99772727272727	77.13282442748091	95.08467741935483	50.58627450980392	0	3.8125	65.97826086956522	3.21011760792116	3.3414074520944204	0.6182407407407408	15.53150432926233	3.3168637706533293	-7.901624813794746	2.9907637042009254	30.12827001633987	2.076388888888889	72.03833333333333	85.88411511957351	95.61111111111111	15.851601299004875	10.655175215952301	NA	NA	NA	395.1755580535467	1.7882986694677871
-56.067	48.967	BADGER (AUT)	8400301	NL	-1.6	0	NA	9.8	0	-26.9	0	NA	NA	NA	83	0	NA	29	16	NA	NA	NA	608	0	2018_03	2018	2019	03	2018	2019	Spring	0.6653225806451613	13.91937984496124	4.696478873239436	-8.095138888888888	90.90438596491228	82.62241379310345	124.88346456692913	80.859375	29.78181818181818	0.9644444444444444	20.83076923076923	65.27843137254902	2.7860813642900397	2.9519789812001154	0.31092592592592583	15.576602135283585	2.9957116644909787	-8.650041668889013	2.810141189530969	29.374417211328975	2.999478680361033	102.35333333333334	94.65430555773366	106.53611111111111	12.427371722480418	11.372495211555426	NA	NA	NA	422.9511047189753	4.642727244762129
-56.067	48.967	BADGER (AUT)	8400301	NL	-5.8	1	NA	12.1	1	-28.7	1	NA	NA	NA	49.6	1	NA	7	11	NA	NA	NA	715	0	2019_03	2019	2020	03	2019	2020	Spring	-0.12820512820512817	13.119867549668875	5.708450704225352	-7.616417910447761	61.61369863013699	84.32867647058823	106.47692307692307	76.3125	18.884126984126983	0	8.714285714285714	68.78285714285714	2.7809968361582573	2.8531188287886953	0.4871693121693122	15.10296065595005	2.848109228112637	-7.659747212963041	2.8513457791433052	24.14890873015873	4.3769841269841265	54.931666666666665	81.95161916912808	95.0156746031746	12.17043780475153	10.57689915152237	NA	NA	NA	422.6430789215581	1.5174440403754168
-56.067	48.967	BADGER (AUT)	8400301	NL	-7	0	NA	5.7	0	-31	0	NA	NA	NA	NA	NA	NA	61	NA	NA	NA	NA	775.1	0	2020_03	2020	2021	03	2020	2021	Spring	-0.45736434108527135	14.210606060606061	6.153623188405797	-3.6653543307086616	84.93777777777778	88.4625	83.14056603773585	81.23428571428572	38.56060606060606	0	8.686111111111112	52.68333333333333	4.042798793706559	2.255098623660114	1.9275793650793651	16.75180504424743	2.253246771808262	-7.163608455211434	2.249456935460286	24.982512626262626	3.3983585858585856	128.625	84.41764597347199	108.22638888888889	11.242074420183393	10.274669133673521	NA	NA	NA	395.2164410871241	4.0341709795464125
-53.114	48.667	BONAVISTA	8400601	NL	-0.8	0	NA	11.9	0	-8.9	0	NA	NA	NA	90.5	0	NA	NA	10	NA	NA	NA	582.3	0	2021_03	2021	2022	03	2021	2022	Spring	1.4464	14.324603174603174	7.609848484848484	-6.614285714285714	79.94056603773585	76.30970873786407	121.026	126.93535353535354	26.106896551724137	0.08148148148148149	4.540740740740741	60.46666666666667	4.1943990426917255	2.3760304848719485	1.8919444444444444	17.033354758385247	2.3661032508593483	-6.509286784805078	2.366560787902251	22.160858585858584	3.419191919191919	59.483333333333334	101.075321854752	112.52083333333333	9.373947811447811	11.08612012987013	NA	NA	NA	391.94931495559547	3.266531385281385
-56.067	48.967	BADGER (AUT)	8400301	NL	-3.8	0	NA	11.6	0	-18.5	0	NA	NA	NA	132.4	0	NA	10	16	NA	NA	NA	676.6	0	2022_03	2022	2023	03	2022	2023	Spring	0.9416666666666667	15.090441176470588	7.575	-6.197857142857143	90.71818181818182	96.97575757575757	90.65700934579439	91.56944444444444	24.614814814814814	0.014814814814814815	17.614814814814814	48.41481481481481	4.379473547532058	1.337328535119932	1.775	16.52349454691846	1.3097428961212496	-6.3558945218450305	1.337328535119932	22.664814814814815	2.861111111111111	60.49166666666667	92.53421075296075	96.26388888888889	8.041745321316933	10.712232687232687	NA	NA	NA	398.82256222025995	4.502080954472259
-53.998	47.311	ARGENTIA (AUT)	8400104	NL	-0.5	0	NA	5.6	0	-11.5	0	NA	NA	NA	16.8	0	NA	NA	4	NA	NA	NA	572.6	0	2023_03	2023	2024	03	2023	2024	Spring	0.9886524822695035	14.558450704225352	7.122695035460993	-1.7416666666666667	47.01698113207547	113.7448275862069	101.5982456140351	104.27948717948718	17.477777777777778	0	8.54814814814815	40.666666666666664	6.636622340425532	0.8790336879432624	1.414	18.961928191489363	0.8747783687943262	-4.031431737588652	0.8769503546099291	11.874444444444444	1.6333333333333333	39.322916666666664	89.10952413083992	101.89166666666667	4.778081742818585	10.369289891395155	NA	NA	NA	343.4829255319149	7.051387411347518
-65.472	43.451	BACCARO PT	8200255	NS	-1.4	1	NA	9.3	0	-14.3	1	NA	NA	NA	184.6	3	NA	NA	15	NA	NA	NA	580.7	0	2014_01	2014	2015	01	2013	2014	Winter	NA	NA	NA	-4.395945945945946	NA	NA	NA	116.99295774647888	NA	NA	NA	53.996875	-4.395945945945946	2	0.6599999999999999	10.71081081081081	1.8783783783783785	-19.977027027027027	1.8918918918918919	53.996875	3.46875	128.78333333333333	116.71380952380952	114.88333333333333	21.060000000000002	11.845634920634922	NA	NA	NA	615.422972972973	0
-65.472	43.451	BACCARO PT	8200255	NS	-1	1	NA	9.5	1	-14.1	1	NA	NA	NA	115.8	1	NA	NA	10	NA	NA	NA	570.5	0	2014_03	2014	2015	03	2014	2015	Spring	3.115929203539823	17.333913043478262	10.475675675675676	-4.059259259259259	88.56880733944953	78.67614678899082	124.6875	143.16538461538462	14.760416666666666	0	1.6046511627906976	55.073170731707314	6.702439625860679	1.9143743186506346	0.3317174723424724	19.319265695351223	1.858472971959814	-5.319259560674034	1.718205173797279	18.131358745421245	3.0900272929684696	89.39583333333334	108.78956138388801	100.87569444444445	7.333761724386724	9.984944291020142	NA	NA	NA	331.631956488371	8.68157140693325
-65.472	43.451	BACCARO PT	8200255	NS	-1.1	2	NA	9	2	-12.8	1	NA	NA	NA	138.7	2	NA	NA	13	NA	NA	NA	554.5	0	2015_03	2015	2016	03	2015	2016	Spring	2.6080357142857142	16.7	10.381081081081081	-0.8663636363636363	81.57314814814815	101.40285714285714	95.2811320754717	109.32429906542056	38.05238095238095	0.5897435897435898	0.4425	42.81707317073171	7.149905093062987	2.057285198732567	0.8012400793650793	19.07142723550618	1.9843792100371047	-4.837234471313419	1.5467740296687664	20.403663003663002	3.399059274059274	78.22291666666666	97.34755711880712	90.43611111111112	10.359011235819017	9.285918710918711	NA	NA	NA	316.57200792898163	9.653778505949559
-65.472	43.451	BACCARO PT	8200255	NS	1.9	0	NA	12	0	-8.7	0	NA	NA	NA	159	0	NA	0	12	NA	NA	NA	499.8	0	2016_03	2016	2017	03	2016	2017	Spring	4.250925925925926	16.989814814814814	10.528703703703703	-2.197142857142857	99.55833333333334	60.233333333333334	106.32830188679245	113.44653465346535	12.854761904761904	0	2.57	63.392105263157895	7.38169044044044	2.0715536965536967	0.9816468253968254	20.038083083083084	1.9270842270842272	-4.754893286143286	1.5881363506363506	20.01710927960928	3.626907814407814	81.425	94.94264352205529	83.50416666666666	3.662073480803458	10.009293919588037	NA	NA	NA	309.8713922851423	9.08960674960675
-65.472	43.451	BACCARO PT	8200255	NS	-1.1	0	NA	10.5	0	-15.6	0	NA	NA	NA	126.1	0	NA	NA	9	NA	NA	NA	590.8	0	2017_03	2017	2018	03	2017	2018	Spring	3.839423076923077	16.67142857142857	10.889285714285714	-2.261467889908257	94.72886597938144	82.66634615384615	80.80654205607476	128.33962264150944	21.696969696969695	0	1.2787878787878788	34.406451612903226	7.252579456391376	1.9982449554817976	1.34375	20.484725360034957	1.8905819519209612	-4.796681046371448	1.571590747093843	14.46318181818182	2.187878787878788	55.32291666666667	96.52312578693093	96.7125	5.536797801063325	9.799578284596667	NA	NA	NA	313.5397415798151	7.253413765933116
-65.472	43.451	BACCARO PT	8200255	NS	1.7	2	NA	8	2	-7.3	1	NA	NA	NA	83.6	2	NA	0	8	NA	NA	NA	471.7	0	2018_03	2018	2019	03	2018	2019	Spring	4.853389830508474	17.428275862068965	8.732692307692307	-3.9793548387096775	97.49909090909091	83.46311475409836	157.172	98.65344827586208	21.773333333333333	0	7.681818181818182	34.784375	6.651686980729638	1.754307046599636	0.3175	19.64121393208149	1.6872298329389308	-4.827071581673979	1.5805066292160808	16.066363636363636	1.715151515151515	78.71875	109.37605787843593	108.98194444444445	3.881607980222987	9.972202864885793	NA	NA	NA	338.64389068346475	12.522486105616611
-65.472	43.451	BACCARO PT	8200255	NS	0.3	0	NA	7.4	0	-11.2	0	NA	NA	NA	133.7	0	NA	NA	11	NA	NA	NA	549.5	0	2019_03	2019	2020	03	2019	2020	Spring	3.2553459119496857	16.804545454545455	9.01045751633987	-2.247297297297297	115.01259842519686	107.95446428571428	119.90462962962962	96.212	13.936363636363636	0	2.8866666666666667	42.516666666666666	6.709262866491541	1.3544069732392232	0.39083333333333337	19.11248698264986	1.343151530568686	-4.747149481805301	1.3414256466979633	14.834924242424243	3.1643939393939395	69.65625	109.33308805581377	120.13888888888889	5.607867214484862	10.035086881102613	NA	NA	NA	334.2099529259696	7.431892979785045
-65.472	43.451	BACCARO PT	8200255	NS	1.9	1	NA	10.1	1	-7.4	1	NA	NA	NA	116.9	1	NA	NA	13	NA	NA	NA	482.5	0	2020_03	2020	2021	03	2020	2021	Spring	3.921917808219178	17.477852348993288	10.341176470588236	-0.5326797385620915	91.15588235294118	62.08103448275862	88.24065040650406	107.75396825396825	16.083333333333332	0	1.51	35.8	7.805991529945311	1.4415737128184607	1.3458333333333332	20.07750350140056	1.4183956916099774	-3.409389964319061	1.4214294884620515	13.348333333333333	3.4833333333333334	152.02083333333334	87.23225494125093	91.43055555555556	4.105718954248366	8.743594567577752	NA	NA	NA	305.1556537114846	12.127225515206083
-65.472	43.451	BACCARO PT	8200255	NS	1.8	1	NA	10	1	-11.4	1	NA	NA	NA	84.1	1	NA	NA	6	NA	NA	NA	484.6	0	2021_03	2021	2022	03	2021	2022	Spring	5.038666666666667	17.566433566433567	10.92027027027027	-2.1721088435374147	102.7420634920635	85.40983606557377	126.28067226890757	143.1275	6.811111111111111	0	1.138095238095238	51.13333333333333	7.858985643725575	1.3724743993342017	1.1722222222222223	20.431617015245813	1.365807732667535	-3.286420797751725	1.3624743993342017	14.77063492063492	3.2997685185185186	60.8125	114.37930587197356	119.04166666666667	5.768631806789702	10.097887072277317	NA	NA	NA	300.23953494536113	9.860969562647755
-65.472	43.451	BACCARO PT	8200255	NS	2.9	0	NA	12	0	-13.3	0	NA	NA	NA	154.5	0	NA	NA	16	NA	NA	NA	467.4	0	2022_03	2022	2023	03	2022	2023	Spring	5.052027027027027	17.728666666666665	11.097333333333333	-0.7826666666666667	96.36782608695653	95.64347826086957	117.34444444444445	134.0054054054054	17.285714285714285	0	1.8904761904761904	29.857142857142858	8.26578231292517	0.8611224489795919	1.7	20.442132653061226	0.8611224489795919	-3.6634387755102042	0.8594557823129252	12.258333333333333	1.8214285714285714	45.375	110.66536571997098	103.625	3.779290231373565	10.010395263684737	NA	NA	NA	294.13790476190474	10.916
-65.472	43.451	BACCARO PT	8200255	NS	2.2	0	NA	9.5	0	-5.3	0	NA	NA	NA	77.8	0	NA	NA	11	NA	NA	NA	489.7	0	2023_03	2023	2024	03	2023	2024	Spring	4.34421768707483	17.438194444444445	10.529166666666667	1.4531914893617022	56.14122807017544	188.09473684210525	121.38230088495575	143.44722222222222	18.610526315789475	0	2.194444444444444	25.75	9.856539216963382	0.9848647054566507	1.0483333333333333	21.640155753365175	0.8763097409176437	-0.20287708061948193	0.9848647054566507	8.335238095238095	1.8357142857142856	35.333333333333336	124.04792279121226	120.7	3.433230205784554	9.545104314841156	NA	NA	NA	254.79045175857578	13.944166666666668
-89.897	53.818	BIG TROUT LAKE A	6010735	ON	-24.4	0	NA	-7.1	0	-38.9	0	NA	NA	NA	8.7	0	NA	NA	4	NA	NA	NA	1314.1	0	2014_01	2014	2015	01	2013	2014	Winter	NA	NA	NA	-12.338805970149254	NA	NA	NA	55.79325513196481	NA	NA	NA	52.59362745098039	-12.33580951023027	1.836119626434733	-3.2483091787439613	4.251174520567477	1.6125151493548158	-30.306625801651137	1.781437125748503	52.49813995962703	2.4245409977890997	139.74933687002653	55.728686184119994	112.28315649867375	37.52127659574468	9.962450116967112	53.5	0	75.5	843.9725475867968	0
-89.897	53.818	BIG TROUT LAKE A	6010735	ON	-17.3	0	NA	0.6	0	-37	0	NA	NA	NA	1.6	0	NA	NA	0	NA	NA	NA	1095.3	0	2014_03	2014	2015	03	2014	2015	Spring	2.4141372141372144	17.810266940451747	7.101437371663244	-11.099183673469387	63.585412262156446	87.8987012987013	78.5708245243129	39.36598360655738	15.706296296296296	0	13.000373134328358	38.693772893772895	4.039555872238043	2.3689081128144713	-1.2270974151728398	17.84218384242598	2.2010515029839897	-9.722676367962286	2.144828200953371	16.725375289030808	3.4706211893011814	85.08760794368241	67.42238896232466	102.63565600063693	9.815277457158103	9.039139470042311	193.24444444444444	3.2222222222222223	100.2	401.9957638818883	10.906983503067014
-82.432	52.928	ATTAWAPISKAT A	6010400	ON	-15.1	0	NA	4.1	0	-32.9	0	NA	NA	NA	4.8	0	NA	NA	2	NA	NA	NA	1025.6	0	2015_03	2015	2016	03	2015	2016	Spring	4.131388329979879	17.980684104627766	9.69329268292683	-4.943145161290323	49.077661795407096	82.40126849894291	67.00301075268817	58.101890756302524	6.566792452830189	0	3.5628	30.96015325670498	6.712471170669462	2.200015214142015	1.4119798474945533	20.498239847809522	2.082358715546938	-8.105501054832072	1.8767790688225237	10.217964128430916	3.311758579968933	44.101851305824475	64.22722737398458	99.0247169282386	5.610061412330146	8.550360326185526	NA	NA	NA	332.66087783802027	15.322056618092677
-82.432	52.928	ATTAWAPISKAT A	6010400	ON	-13.2	1	NA	7.9	1	-36	0	NA	NA	NA	7.1	1	NA	NA	2	NA	NA	NA	937.2	0	2016_03	2016	2017	03	2016	2017	Spring	4.6050403225806456	19.29298969072165	9.981818181818182	-5.3627659574468085	58.96476793248945	70.6943231441048	62.376855895196506	66.0021551724138	13.031372549019608	0	4.599130434782609	44.91991701244813	7.137977987768083	2.8499214523973855	1.8743272668916051	21.51327491916992	2.596900308316171	-7.449594923938113	2.437322899721809	15.439121530616275	3.4958599802832664	96.87455507455508	64.41303389512144	99.35393032212885	5.375540703078096	8.632519295436929	NA	NA	NA	319.36020351891295	21.112606053916675
-82.432	52.928	ATTAWAPISKAT A	6010400	ON	-13.3	3	NA	8.8	3	-36.6	3	NA	NA	NA	6.3	3	NA	NA	2	NA	NA	NA	876.6	0	2017_03	2017	2018	03	2017	2018	Spring	4.281330472103004	17.88175965665236	8.712931034482759	-9.24423076923077	86.83807439824945	86.55067567567568	69.8640091116173	53.84719101123596	9.167094017094017	0	5.360454545454545	42.98571428571429	5.383376740080305	2.7946491798476654	0.34604960899315734	20.079658534719375	2.6486405804503708	-8.868719148947985	2.3692479763005756	14.416365004359625	3.36926452060979	58.00846970367094	74.27081745528434	125.24528055936725	6.484082869646617	9.449584682949823	NA	NA	NA	358.8918454734121	13.325435983354362
-82.432	52.928	ATTAWAPISKAT A	6010400	ON	-13.9	3	NA	0.8	3	-28.3	3	NA	NA	NA	0	3	NA	NA	0	NA	NA	NA	892	0	2018_03	2018	2019	03	2018	2019	Spring	3.477542372881356	19.33063829787234	5.902958579881656	-9.192395437262357	56.523972602739725	70.65379310344828	77.39977973568281	55.01641468682505	12.896759259259259	0.009433962264150943	13.391346153846154	41.82836538461539	4.971829366604605	2.6219118442993756	0.18640716642228738	19.23183138013164	2.4682219953637192	-8.966576144941312	2.409196416961954	16.942219055622708	3.2077593968518237	101.21326626804569	64.87984340531742	102.38833913907443	8.786008540286248	8.593955130953946	NA	NA	NA	385.3473272071213	22.47146691229927
-82.432	52.928	ATTAWAPISKAT A	6010400	ON	-13.3	0	NA	7.1	0	-34.2	0	NA	NA	NA	0	7	NA	NA	0	NA	NA	NA	970.4	0	2019_03	2019	2020	03	2019	2020	Spring	2.6380497131931167	18.144529750479848	6.731844660194175	-6.7075875486381324	71.62922077922077	70.9328798185941	80.87910798122066	52.742344497607654	9.882587064676617	0	10.533165829145728	41.215656565656566	5.194639269886405	1.8390845753317189	0.23257148595441143	18.361641348982335	1.7893110081274535	-9.178142976248807	1.7975817766106967	15.429945293585549	3.0365285358481144	77.7945176147382	68.93796132810996	116.1834244595274	8.738685539025596	8.835691739472969	NA	NA	NA	380.82094254660694	13.713588857561716
-82.432	52.928	ATTAWAPISKAT A	6010400	ON	-13.2	0	NA	4.2	0	-31.9	0	NA	NA	NA	2.4	0	NA	NA	1	NA	NA	NA	968.7	0	2020_03	2020	2021	03	2020	2021	Spring	3.8176470588235296	19.3636186770428	7.324418604651163	-7.232755298651252	50.45813953488372	79.84933333333333	62.139614561027834	38.17170626349892	7.238860103626943	0.04631578947368421	8.392553191489363	35.590526315789475	5.812661253071002	1.9522466508459835	0.879628898666255	19.672400097559567	1.9210563778183283	-8.278982783605574	1.8770094878529089	12.778585076836869	3.448570187876028	75.28644850247791	57.65524980629037	92.95441241442596	8.067185497431579	8.111885510655307	NA	NA	NA	368.50102008593734	20.835089058863637
-82.432	52.928	ATTAWAPISKAT A	6010400	ON	-11.7	0	NA	10.5	0	-32	0	NA	NA	NA	5.8	0	NA	NA	1	NA	NA	NA	921.7	0	2021_03	2021	2022	03	2021	2022	Spring	5.365384615384615	19.3647859922179	9.142248062015504	-9.973294346978557	43.270425531914896	77.77983014861995	83.41278825995808	48.571058315334774	4.937297297297297	0	6.792063492063492	38.5	5.969909778344635	1.7635986438725286	1.0724692118226602	20.493188614927444	1.6670617127394451	-8.347045741476581	1.6811833188335648	12.571254885995764	3.2560188332927624	53.45429590017825	63.29625706288398	104.41513323278029	6.920517642342024	8.230300128052834	NA	NA	NA	363.9389795805269	19.905982783090117
-82.432	52.928	ATTAWAPISKAT A	6010400	ON	-15.8	15	NA	2.6	15	-31.3	15	NA	NA	NA	0.2	17	NA	NA	0	NA	NA	NA	541.5	0	2022_03	2022	2023	03	2022	2023	Spring	4.19215291750503	18.391532258064515	8.169261477045907	-6.411088709677419	62.64606986899563	77.85076252723312	55.42596566523605	53.656437768240345	11.139080459770115	0.01744186046511628	8.704571428571429	38.032758620689656	6.089235663206204	1.9676561935263372	1.3281228802062135	20.360290760706185	1.8677312887133346	-8.221905508712178	1.888264643534283	14.396357675310426	3.2463522921857537	68.0113830532213	62.37995839317209	102.68380018674137	9.221064038108906	8.554994150798425	NA	NA	NA	353.18761832855273	15.276785218355872
-82.432	52.928	ATTAWAPISKAT A	6010400	ON	-14.4	0	NA	2.6	0	-29.5	0	NA	NA	NA	0.4	0	NA	NA	0	NA	NA	NA	1005.5	0	2023_03	2023	2024	03	2023	2024	Spring	4.120858895705521	18.139756592292088	8.514928425357873	-1.2093749999999999	61.302819956616055	85.72043010752688	49.79627192982456	53.38255033557047	13.683333333333334	0	5.486503067484662	15.060377358490566	9.103049518362674	1.619625854165829	1.1671646723646725	23.363707878622947	1.5245471232053935	-4.079035373190893	1.509413046401941	7.233228777107625	2.88784399893387	48.128963918026415	64.4433151448251	100.9675942113442	3.8487345420279646	8.049147618117992	NA	NA	NA	277.97307626217616	16.880345009839278
-64.061	46.815	ALBERTON SNOW	8300085	PE	NA	NA	NA	NA	NA	NA	NA	24.2	0	NA	24.2	0	NA	40	4	NA	NA	NA	NA	NA	2014_01	2014	2015	01	2013	2014	Winter	NA	NA	NA	-6.766666666666667	NA	NA	NA	83.89	NA	NA	NA	62.25	-6.766666666666667	0.2777777777777778	0.7	8.63888888888889	0.2777777777777778	-22	0.2222222222222222	62.25	1.85	98.5	83.89	109	36.30769230769231	10.600000000000001	NA	NA	NA	723.3611111111111	0
-64.061	46.815	ALBERTON SNOW	8300085	PE	NA	NA	NA	NA	NA	NA	NA	106.6	1	NA	106.6	1	NA	85	10	NA	NA	NA	NA	NA	2014_03	2014	2015	03	2014	2015	Spring	1.674074074074074	18.066666666666666	9.596296296296297	-6.788888888888889	93.56486486486486	86.66666666666667	108.23125	123.02619047619048	43.981818181818184	0	19.852941176470587	87.5925925925926	5.637037037037038	0.2222222222222222	-0.21666666666666662	18.362962962962964	0.2222222222222222	-6.174074074074074	0.12037037037037036	34.10625	1.0393518518518519	55.6	101.32380952380953	113.125	17.07051282051282	10.21031746031746	NA	NA	NA	382.1111111111111	13.50925925925926
-62.6	46.067	ALLISTON	8300100	PE	-5.1	0	NA	7	0	-18	0	135.7	0	NA	148.4	0	NA	0	13	NA	NA	NA	715.3	0	2015_03	2015	2016	03	2015	2016	Spring	1.7111111111111112	17.455555555555556	9.855555555555556	-2.2399999999999998	79.05	90.21851851851852	96.32758620689656	86.75483870967741	52.17142857142857	0	3.1214285714285714	63.2	6.664583333333334	0.41782407407407407	0.8500000000000001	18.691898148148148	0.39814814814814814	-4.527546296296297	0.14930555555555555	27.857172619047617	1.8504960317460317	70.4	87.26432077182078	89.22222222222223	14.090906084656085	10.134563584563585	NA	NA	NA	352.4185185185185	13.452777777777778
-62.6	46.067	ALLISTON	8300100	PE	-1.9	1	NA	12	1	-14	1	48.3	1	NA	101.4	1	NA	0	13	NA	NA	NA	595.8	0	2016_03	2016	2017	03	2016	2017	Spring	2.9	17.095833333333335	10.016666666666667	-3.9136363636363636	70.92142857142858	77.01666666666667	104.18333333333334	89.3	21.43076923076923	0	11.6	68.1	6.508928571428571	0.49255952380952384	0.9416666666666667	18.925892857142856	0.48214285714285715	-5.257142857142857	0.28273809523809523	24.805833333333332	0.4388888888888889	83.8	85.35196428571429	101.22222222222223	3.362962962962963	10.927380952380952	NA	NA	NA	351.60505952380953	9.988541666666666
-63.119	46.289	CHARLOTTETOWN A	8300301	PE	-4.3	0	NA	8.1	0	-19.2	0	66.7	0	NA	62.8	0	NA	9	12	NA	NA	NA	690.3	0	2017_03	2017	2018	03	2017	2018	Spring	2.9333333333333336	17.37142857142857	10.114285714285714	-4.695238095238095	77.66190476190476	66.88571428571429	72.60952380952381	75.34347826086956	18.6	0	1.05	41.625	6.430952380952381	1.3571428571428572	0.725	19.76904761904762	1.2976190476190477	-5.504761904761905	0.8809523809523809	14.755555555555556	0.7083333333333334	29.333333333333332	73.33229166666666	85	3.2813852813852815	9.296130952380953	NA	NA	NA	336.80595238095236	8.76547619047619
-64.061	46.815	ALBERTON SNOW	8300085	PE	NA	NA	NA	NA	NA	NA	NA	69.6	0	NA	69.6	0	NA	33	7	NA	NA	NA	NA	NA	2018_03	2018	2019	03	2018	2019	Spring	3.869565217391304	17.733333333333334	8.2	-6.115384615384615	63.484	89.33333333333333	120.06153846153846	68.50714285714285	29.8125	0.26666666666666666	23.571428571428573	54.2	5.715178571428571	2.2652116402116405	-0.5416666666666666	19.15224867724868	2.2003968253968256	-6.038409391534391	2.1435185185185186	24.830555555555556	2.236111111111111	89.625	85.58960648148148	116.11111111111111	6.351785714285715	9.53425925925926	NA	NA	NA	359.3808531746032	15.389814814814816
-64.061	46.815	ALBERTON SNOW	8300085	PE	NA	NA	NA	NA	NA	NA	NA	0	27	NA	0	27	NA	NA	0	NA	NA	NA	NA	NA	2019_03	2019	2020	03	2019	2020	Spring	2.651851851851852	17.595833333333335	8.008	-4.322222222222222	82.668	86.625	135.76842105263157	72.02857142857142	14.585714285714285	0	5.033333333333333	50.43333333333334	6.039583333333333	2.630787037037037	0.6833333333333333	18.55752314814815	2.630787037037037	-5.251967592592593	2.528935185185185	17.134722222222223	1.375	74	94.84619708994708	111	6.497222222222222	10.637731481481481	NA	NA	NA	332.1020833333333	9.948958333333334
-63.119	46.289	CHARLOTTETOWN A	8300301	PE	-3	1	NA	8.7	1	-12.3	1	54.4	0	NA	67.9	0	NA	2	12	NA	NA	NA	630	0	2020_03	2020	2021	03	2020	2021	Spring	2.759259259259259	18.37727272727273	9.711538461538462	-2	49.628571428571426	44.155	77.07916666666667	92.2	17.733333333333334	0	2.033333333333333	50.53333333333333	7.241087962962963	1.6124338624338623	2.2083333333333335	19.777910052910052	1.6124338624338623	-4.117741402116402	1.6124338624338623	17.575	2.0833333333333335	64.875	65.13047619047619	80.33333333333333	5.540277777777778	8.74345238095238	NA	NA	NA	323.714914021164	17.596395502645503
-63.119	46.289	CHARLOTTETOWN A	8300301	PE	-1.3	0	NA	15.7	0	-15.1	0	39.2	0	NA	81.6	0	NA	0	11	NA	NA	NA	599.3	0	2021_03	2021	2022	03	2021	2022	Spring	3.618181818181818	18.784	10.559259259259258	-4.325925925925926	78.69285714285714	75.39	140.26666666666668	91.56666666666666	12.933333333333334	0	1.5	81.85000000000001	7.196792328042328	1.2708333333333333	1.825	20.507986111111112	1.2615740740740742	-4.444229497354498	1.2708333333333333	24.070833333333333	1.0416666666666667	55	96.67638888888888	142	6.258333333333334	10.340277777777779	NA	NA	NA	326.544246031746	13.969444444444445
-63.119	46.289	CHARLOTTETOWN A	8300301	PE	-1.3	0	NA	11.2	0	-17.9	0	31.8	0	NA	97.9	0	NA	1	12	NA	NA	NA	596.9	0	2022_03	2022	2023	03	2022	2023	Spring	4.044444444444444	18.488888888888887	10.677777777777777	-3.0814814814814815	80.97083333333333	100.39166666666667	91.4375	112.08749999999999	19.883333333333333	0	0.4666666666666667	27.433333333333334	7.532407407407407	0.9074074074074073	1.825	19.812962962962963	0.9074074074074073	-4.938888888888888	0.8888888888888888	11.945833333333333	0.4166666666666667	10.75	96.221875	99	1.413888888888889	9.645833333333334	NA	NA	NA	323.60555555555555	14.23611111111111
-63.119	46.289	CHARLOTTETOWN A	8300301	PE	-2	2	NA	5.4	2	-12.6	2	68.8	0	NA	59.5	1	NA	19	12	NA	NA	NA	579.6	0	2023_03	2023	2024	03	2023	2024	Spring	3.2666666666666666	17.869230769230768	10.158333333333333	0.6375	38.9125	128.69130434782608	97.78571428571428	62.34285714285714	17.683333333333334	0	6.2	41.1	9.452083333333334	0.7041666666666667	0.3	21.555555555555557	0.7041666666666667	-0.7904166666666667	0.7041666666666667	11.275	1.35	0	85.8475	60	4.7214285714285715	9.864285714285714	NA	NA	NA	270.9347222222222	17.095
-71.197	46.837	BEAUPORT	7010565	QC	NA	NA	NA	NA	NA	NA	NA	NA	NA	NA	99.2	1	NA	NA	11	NA	NA	NA	NA	NA	2014_01	2014	2015	01	2013	2014	Winter	NA	NA	NA	-12.500688073394496	NA	NA	NA	51.90187353629977	NA	NA	NA	36.30931899641577	-12.499049933716307	5.350104160090904	-0.22743119266055048	3.994029680365297	3.695475300954753	-31.47511415525114	3.7077625570776256	36.291300102774926	1.742060637204522	76.96749084249083	51.92003203018736	90.65625	43.283018867924525	8.627232240796806	NA	NA	NA	741.0798971024557	0
-71.197	46.837	BEAUPORT	7010565	QC	NA	NA	NA	NA	NA	NA	NA	NA	NA	NA	68.7	0	NA	NA	17	NA	NA	NA	NA	NA	2014_03	2014	2015	03	2014	2015	Spring	0.7152542372881355	17.562211981566822	6.42982998454405	-13.228193146417446	76.22044025157233	101.13144246353322	82.1691573926868	54.26198083067093	22.36504854368932	5.235602094240838e-4	9.822081218274112	45.36064356435644	2.864119198127356	4.938656570777771	-0.6016512225144932	16.663481057996133	3.384907028430918	-11.175451502118399	3.5873736373326315	19.161652507163264	1.2878295265621347	55.183464515850986	78.44183833591015	101.65793385600416	13.523123968492168	10.13275070764819	NA	NA	NA	388.8308747025258	8.79519904509979
-71.197	46.837	BEAUPORT	7010565	QC	NA	NA	NA	NA	NA	NA	NA	NA	NA	NA	45.4	1	NA	NA	12	NA	NA	NA	NA	NA	2015_03	2015	2016	03	2015	2016	Spring	1.7618670886075949	16.857395498392282	7.236698717948718	-7.249425287356321	63.31180327868852	99.49302721088435	75.59390444810543	74.02785234899329	17.137662337662338	0.0033613445378151263	2.7214673913043477	45.610743801652895	4.668389729212309	5.1671779942696485	1.4577487096572606	18.445273495517327	3.709244436467258	-10.28612005276181	3.9896453301576322	16.241538687377137	1.7823144917132112	55.41379934125373	78.24301383354843	104.099586666769	10.259137276209751	10.185788652825924	NA	NA	NA	347.73235593648315	9.11202970291291
-71.197	46.837	BEAUPORT	7010565	QC	NA	NA	NA	NA	NA	NA	NA	NA	NA	NA	142.6	0	NA	NA	16	NA	NA	NA	NA	NA	2016_03	2016	2017	03	2016	2017	Spring	1.8136288998357963	17.271308724832213	6.961844484629295	-8.619727891156463	60.45410385259631	98.36549295774648	82.38607142857143	65.77817531305904	16.891666666666666	0.009146341463414634	7.603105590062112	54.31909090909091	4.481444725087463	3.72561674926678	1.379214327693779	18.69007769713207	2.996296956129694	-10.118630140618794	2.826839831458533	19.576734769760556	2.0097329050449853	87.28889212280268	76.6972455181508	108.71927587028077	12.369215134007785	9.625859525521204	NA	NA	NA	383.13644168276767	10.085390923297417
-71.197	46.837	BEAUPORT	7010565	QC	NA	NA	NA	NA	NA	NA	NA	NA	NA	NA	102.7	0	NA	NA	14	NA	NA	NA	NA	NA	2017_03	2017	2018	03	2017	2018	Spring	1.7195911413969336	16.36241258741259	7.298106712564544	-11.284417808219178	92.38890876565296	81.90113636363637	87.87024029574862	65.84826325411335	21.40691823899371	0.004166666666666667	6.5173469387755105	53.92058823529412	3.540503646455957	1.5266006593017132	0.3881587779508413	18.470702791170833	1.3670887610487263	-10.903420462204162	1.196151299567221	20.31633451050202	1.661876856859916	68.31494813039346	81.9616015816535	122.09628403819748	12.486096582314982	10.267683173390925	NA	NA	NA	422.6576574816205	8.767096444624153
-71.197	46.837	BEAUPORT	7010565	QC	NA	NA	NA	NA	NA	NA	NA	NA	NA	NA	36.5	1	NA	NA	12	NA	NA	NA	NA	NA	2018_03	2018	2019	03	2018	2019	Spring	0.4037854889589905	16.197196261682244	2.5888283378746593	-13.580203045685279	60.80635208711434	79.80940959409594	85.5181654676259	70.98022388059701	20.811437908496732	0.015646258503401362	18.056802721088435	58.54733096085409	1.5424755857290406	2.0423254367470824	-0.008333333333333312	17.352775813842356	1.286475245913409	-11.990955034070634	1.204353604220644	24.310425185601442	1.8449683075716334	108.73819768978879	74.24496163653954	108.99436693480811	16.678753891526473	9.69583535947357	NA	NA	NA	474.9731733660309	11.752373856305343
-71.197	46.837	BEAUPORT	7010565	QC	NA	NA	NA	NA	NA	NA	NA	NA	NA	NA	92.6	0	NA	NA	19	NA	NA	NA	NA	NA	2019_03	2019	2020	03	2019	2020	Spring	-1.3915601023017903	15.069072164948453	3.9704663212435234	-11.410761154855644	74.22976445396145	74.0521897810219	87.73456561922366	50.6578125	25.40984455958549	0.01970802919708029	12.15658362989324	44.98146341463415	1.5748040784496562	1.319566385359776	0.11666666666666664	15.806330395089088	1.131915782323961	-11.372726460039821	1.1204139641345627	19.178107187194037	1.425054637537201	81.95879232031757	71.77352235500281	106.40048585673586	15.411668681762585	9.23983529194109	NA	NA	NA	483.20961108369426	5.960173665461638
-74.167	45.317	COTEAU DU LAC	7011947	QC	NA	NA	NA	15.2	0	-15.8	0	6	0	NA	102.7	2	NA	0	13	NA	NA	NA	NA	NA	2020_03	2020	2021	03	2020	2021	Spring	-0.7651715039577837	15.845549738219896	4.493434343434344	-9.403535353535354	57.72352941176471	86.04657794676807	81.15881261595547	52.21628352490421	11.678909090909091	0.05223880597014925	8.282374100719425	43.68731343283582	2.5441474371515587	1.3776322837131154	0.7166666666666667	18.519717580220895	0.98397829502405465	-10.77162948593472	0.9804990047484476	15.9360462707081	1.1594601472923722	82.05890815203315	69.16343103957604	94.39698762585087	12.142245436075118	8.819423647168323	NA	NA	NA	457.6729206427026	10.37912270021645
-71.197	46.837	BEAUPORT	7010565	QC	-1.8	0	NA	18.1	0	-19.5	0	NA	NA	NA	86.4	3	NA	NA	10	NA	NA	NA	615.2	0	2021_03	2021	2022	03	2021	2022	Spring	1.3539240506329113	15.698714652956298	6.605721393034826	-13.886284289276809	53.03159922928709	72.97578125	84.79120458891013	58.325675675675676	9.52	0.005668016194331983	4.7928853754940715	46.825390625	2.447001101368451	1.265244048110969	0.6083333333333334	18.274655774284625	0.9594963765368094	-10.298489317286084	0.9700074802433573	15.276478138498758	1.1690082690670538	50.13020954459882	67.34855267238606	93.42833307079631	10.050079375700887	8.854084563458375	NA	NA	NA	458.8386896295896	9.524365164385998
-71.197	46.837	BEAUPORT	7010565	QC	-3.5	0	NA	8	0	-21	0	NA	NA	NA	107.3	0	NA	NA	14	NA	NA	NA	665.2	0	2022_03	2022	2023	03	2022	2023	Spring	0.39748110831234257	15.571144278606965	5.877915632754342	-10.608	79.55058823529411	101.83665338645419	77.50417495029821	67.24554655870445	18.36260162601626	0	10.082251082251082	54.81464435146444	2.8109513824890886	1.0230498242314163	1.2	18.072887340939324	0.849427154363218	-10.152588255439799	0.8541797274131244	20.72371897196087	1.301583325811714	70.65902509485176	81.4583100686645	117.97030642968143	14.356679162001104	9.794022367558176	NA	NA	NA	450.05301899592945	6.860424456002814
-71.197	46.837	BEAUPORT	7010565	QC	-1.6	0	NA	5.9	0	-15.1	0	NA	NA	NA	54.6	0	NA	NA	6	NA	NA	NA	608.9	0	2023_03	2023	2024	03	2023	2024	Spring	1.3256857855361595	15.871990171990172	6.417530864197531	-5.273333333333333	51.52662601626016	117.96359918200409	72.74726166328601	68.6225	12.980590717299577	0	8.691666666666666	22.471232876712328	6.553469732398502	1.2022104329206589	1.52	21.54193489010452	0.9966645130279217	-5.897820384382998	1.0018963990340335	8.681363491100033	1.2854831922118632	65.85774377846747	79.41794653805898	104.47499963143152	6.407596095887236	8.822621175091832	NA	NA	NA	346.93967940471117	10.37232946379215
-104.71	50.201	BRATT'S LAKE CLIMATE	4010811	SK	-14.5	3	NA	5	3	-36	3	NA	NA	NA	11.3	4	NA	11	4	NA	NA	NA	910.5	0	2014_01	2014	2015	01	2013	2014	Winter	NA	NA	NA	-17.441988950276244	NA	NA	NA	11.865425531914893	NA	NA	NA	14.878651685393258	-17.45308302808303	1.9931013431013431	-3.75	2.766660561660562	1.9159951159951158	-35.793614163614166	1.9213675213675212	14.81140040444894	3.3918099089989893	121.05288461538461	11.837051499717035	105.75833333333333	21.365895061728395	3.3573853989813243	NA	NA	NA	971.8853174603174	0
-104.71	50.201	BRATT'S LAKE CLIMATE	4010811	SK	-10.4	0	NA	4.8	0	-39.1	0	NA	NA	NA	12.3	0	NA	10	3	NA	NA	NA	880	0	2014_03	2014	2015	03	2014	2015	Spring	-0.19236363636363638	16.442007434944237	2.526136363636364	-13.379467680608364	34.13109540636042	76.80108303249098	26.46415770609319	13.883520599250936	12.071323529411764	0.10542635658914729	9.396124031007751	15.15702479338843	1.3009397599968315	1.7490001725149886	-0.7343376474258827	18.142217241170293	1.6940920625354914	-16.047968686586245	1.5271968596683598	9.327333206222868	3.8828870450010924	89.30949834479246	37.82584456654656	127.51347044768097	6.0682266505636075	5.985838850082846	NA	NA	NA	482.2287894921956	6.42159807034685
-104.71	50.201	BRATT'S LAKE CLIMATE	4010811	SK	-1.9	0	NA	18.8	0	-31.5	0	NA	NA	NA	13.7	0	NA	1	4	NA	NA	NA	617.5	0	2015_03	2015	2016	03	2015	2016	Spring	3.589811320754717	17.249242424242425	5.021072796934866	-10.030152671755726	16.695833333333333	58.267279411764704	35.057564575645756	12.378277153558052	7.999159663865546	0.0017094017094017094	4.605982905982906	11.791071428571428	3.9473545611425536	1.5124234925690176	2.098907930107527	20.6647245104354	1.4272065743272582	-13.2547727455023	1.3183361043625546	6.0923773769184555	3.968806755608745	52.13615338909457	30.501717591977773	96.06855516688334	3.936168564853608	5.096212276262563	NA	NA	NA	414.1506827088578	8.613051977054543
-104.71	50.201	BRATT'S LAKE CLIMATE	4010811	SK	0.4	0	NA	17.5	0	-15.3	0	NA	NA	NA	11.7	0	NA	NA	3	NA	NA	NA	544.7	0	2016_03	2016	2017	03	2016	2017	Spring	4.412015503875969	16.922672064777327	4.969547325102881	-12.62265625	31.87132075471698	73.93062015503875	39.931075697211156	12.756538461538462	8.631775700934579	0	8.948351648351649	13.395918367346939	3.450834267945298	2.2933464024996386	1.5017041250026975	19.62419719738302	2.180672375938761	-12.179990534659304	2.0719061243894306	7.767356275536632	5.34858147127051	72.71729785366149	39.67050420557018	120.44855255898213	4.435665636464221	5.923604674707774	NA	NA	NA	412.60910061955013	5.195753228120517
-104.71	50.201	BRATT'S LAKE CLIMATE	4010811	SK	-4.1	1	NA	16.5	0	-22.6	1	NA	NA	NA	4.5	1	NA	1	1	NA	NA	NA	664	0	2017_03	2017	2018	03	2017	2018	Spring	2.5730769230769233	17.217760617760618	2.5344262295081967	-15.181069958847736	25.545283018867924	38.12603773584906	27.3375	9.404526748971193	9.091176470588236	0	10.08235294117647	9.382716049382717	1.7563496273690986	2.305010499145145	-0.042201092994914834	18.7894572759073	2.250466995383024	-14.531654737079355	2.0138232042632875	7.257642280039846	4.41272916550807	54.05798898071625	25.010430897551394	82.22516233766234	5.548280359582226	4.536525681000766	NA	NA	NA	462.28493689372726	7.340133009866517
-104.71	50.201	BRATT'S LAKE CLIMATE	4010811	SK	-8.6	1	NA	3.5	1	-27.6	0	NA	NA	NA	20.7	1	NA	15	5	NA	NA	NA	797.8	0	2018_03	2018	2019	03	2018	2019	Spring	0.8506224066390041	17.105150214592275	0.2772	-16.178884462151395	22.743621399176956	50.30627615062762	24.448132780082986	11.971186440677966	13.865432098765432	0.5428571428571429	9.230769230769232	13.283783783783784	0.5570090656182518	1.9743754600705279	-1.3423716761633429	17.503666597458576	1.879811839451203	-16.297392761050684	1.7755541334156846	9.251462250712251	3.355866571699905	115.27093335956972	27.30170999421325	94.21354548229549	7.239076479745992	4.979061952300435	NA	NA	NA	502.9659329297648	9.152240030571605
-104.71	50.201	BRATT'S LAKE CLIMATE	4010811	SK	-6.5	0	NA	16.5	0	-32.4	0	NA	NA	NA	1.6	0	NA	NA	0	NA	NA	NA	760.2	0	2019_03	2019	2020	03	2019	2020	Spring	1.882258064516129	15.927642276422764	2.104471544715447	-12.610245901639344	11.551063829787234	68.35021097046413	31.47531914893617	8.621120689655172	3.7111111111111112	0	9.946478873239437	8.83134328358209	1.8420589215812795	1.2143090147832696	-0.3313881921218878	18.91623695172137	1.1605628324801767	-15.808891559484378	1.1717183937712392	5.674173913043478	3.4211078173034695	80.48434671389217	29.977915228231684	83.34267526455027	5.587461989155061	4.845235636374877	NA	NA	NA	479.9762705044378	4.92469512195122
-104.71	50.201	BRATT'S LAKE CLIMATE	4010811	SK	-3.2	0	NA	16.2	0	-19.1	0	NA	NA	NA	6.3	0	NA	NA	1	NA	NA	NA	657.8	0	2020_03	2020	2021	03	2020	2021	Spring	0.39590163934426226	16.86707818930041	1.8813278008298755	-13.187654320987654	19.587606837606838	61.28540772532189	20.964192139737992	8.974458874458874	9.145588235294118	0.08695652173913043	11.834848484848486	11.212121212121213	1.4656914174216757	0.9853696969927974	-0.4807490667545016	19.895644946825406	0.9410378090390139	-15.784745663781942	0.9503751935960523	8.222697471610514	2.589021033314512	59.89040404040404	27.588581534129503	74.16906307844775	9.35655744236551	4.613987466286766	NA	NA	NA	492.8118462948987	7.368697806885477
-104.71	50.201	BRATT'S LAKE CLIMATE	4010811	SK	-0.7	0	NA	20.6	0	-21	0	NA	NA	NA	10	0	NA	NA	2	NA	NA	NA	580.2	0	2021_03	2021	2022	03	2021	2022	Spring	2.821900826446281	18.31673640167364	5.151882845188284	-16.853138075313808	22.386147186147188	43.469298245614034	16.980530973451327	20.12819383259912	10.203030303030303	0	7.223333333333334	28.42	2.3645184306141585	1.1787732132624889	0.4385768398268398	21.24235528337761	1.1402157563681825	-14.670805285331042	1.1443962598322655	11.46988038277512	2.6449675324675326	97.42423914469369	25.748975773791564	91.44947449065096	8.64261119207865	4.464311331153437	NA	NA	NA	470.3684480322446	14.888692308694067
-104.71	50.201	BRATT'S LAKE CLIMATE	4010811	SK	-6.1	0	NA	8.1	0	-31.2	0	NA	NA	NA	7.2	0	NA	NA	2	NA	NA	NA	748	0	2022_03	2022	2023	03	2022	2023	Spring	0.8548523206751055	17.565677966101696	3.844206008583691	-14.714718614718615	29.607142857142858	56.778571428571425	17.28401826484018	10.996363636363636	9.59344262295082	0	12.264912280701754	13.365454545454545	1.9070725539912747	0.9914391719021965	-0.30812552213868	18.319722929191617	0.9636582188630822	-14.711847206942144	0.9071303169404435	8.802470760233918	2.3248398774714563	88.11060606060606	28.565868028987893	94.55195105820106	9.094789476942038	4.73258315633586	NA	NA	NA	484.2244588287018	11.02041861092494
-104.71	50.201	BRATT'S LAKE CLIMATE	4010811	SK	-12.7	0	NA	2.7	0	-26.9	0	NA	NA	NA	0.1	0	NA	18	0	NA	NA	NA	951.4	0	2023_03	2023	2024	03	2023	2024	Spring	0.7339130434782609	17.759911894273127	5.017777777777778	-4.933333333333334	18.407762557077625	47.19078341013825	17.489719626168224	5.381690140845071	9.28888888888889	0	6.283673469387755	4.46875	6.57768623832308	0.7039694691273639	1.1832163742690058	21.70429532923217	0.6828102073365231	-9.025965345181135	0.6673125996810207	5.10578431372549	2.031862745098039	57.95723104056437	25.478437305721698	76.52509240759241	4.334435052959643	4.343590691791541	NA	NA	NA	354.7859924584188	12.31060350877193
